{
  "fieldSets": [
    {
      "fields": [
        {
          "dataType": "string",
          "defaultValue": "menu-inline",
          "label": "menu-style",
          "name": "menuStyle",
          "type": "select",
          "typeOptions": {
            "validValues": [
              {
                "label": "top",
                "value": "menu-top"
              },
              {
                "label": "inline",
                "value": "menu-inline"
              },
              {
                "label": "menu-style-sticky",
                "value": "menu-top sticky"
              }
            ]
          }
        },
        {
          "dataType": "string",
          "defaultValue": "ellipsis",
          "label": "menu-item-overflow",
          "name": "menuItemOverflow",
          "type": "select",
          "typeOptions": {
            "validValues": [
              {
                "label": "menu-item-overflow-clip",
                "value": "clip"
              },
              {
                "label": "menu-item-overflow-ellipsis",
                "value": "ellipsis"
              },
              {
                "label": "wrap",
                "value": "wrap"
              },
              {
                "label": "none",
                "value": "none"
              }
            ]
          }
        },
        {
          "defaultValue": false,
          "label": "limit-menu-width",
          "name": "limitMenuWidth",
          "type": "checkbox"
        },
        {
          "defaultValue": "0",
          "label": "max-width",
          "name": "maximumMenuWidth",
          "type": "length"
        }
      ],
      "label": "general"
    },
    {
      "fields": [
        {
          "dataType": "string",
          "defaultValue": "menu-only",
          "description": "dropzone-config-description",
          "label": "dropzone-config",
          "name": "dropzoneConfig",
          "type": "select",
          "typeOptions": {
            "validValues": [
              {
                "label": "dropzone-config-menu-only",
                "value": "menu-only"
              },
              {
                "label": "left",
                "value": "menu-left-zone"
              },
              {
                "label": "right",
                "value": "menu-right-zone"
              },
              {
                "label": "dropzone-config-both",
                "value": "menu-both-zones"
              }
            ]
          }
        },
        {
          "dataType": "string",
          "defaultValue": "dropzone-menu",
          "description": "dropzone-grower-description",
          "label": "dropzone-grower",
          "name": "dropzoneGrower",
          "type": "select",
          "typeOptions": {
            "validValues": [
              {
                "label": "menu",
                "value": "dropzone-menu"
              },
              {
                "label": "left",
                "value": "dropzone-left"
              },
              {
                "label": "right",
                "value": "dropzone-right"
              }
            ]
          }
        },
        {
          "defaultValue": "var(--spacer-2, 0.5rem)",
          "label": "dropzone-gap",
          "name": "dropzoneGap",
          "type": "length"
        },
        {
          "dataType": "string",
          "defaultValue": "flex-start",
          "label": "dropzone-align-items",
          "name": "dropzoneAlignItems",
          "type": "select",
          "typeOptions": {
            "validValues": [
              {
                "label": "center[alignment]",
                "value": "center"
              },
              {
                "label": "flex-start",
                "value": "flex-start"
              },
              {
                "label": "flex-end",
                "value": "flex-end"
              },
              {
                "label": "stretch",
                "value": "stretch"
              },
              {
                "label": "baseline",
                "value": "baseline"
              },
              {
                "label": "normal",
                "value": "normal"
              }
            ]
          }
        }
      ],
      "label": "dropzones"
    },
    {
      "fields": [
        {
          "defaultValue": false,
          "label": "scroll-lock",
          "name": "enableScrollLock",
          "type": "checkbox"
        },
        {
          "defaultValue": true,
          "label": "close-on-internal-nav",
          "name": "enableCloseOnInternalNav",
          "type": "checkbox"
        }
      ],
      "label": "behavior"
    },
    {
      "fields": [
        {
          "defaultValue": "2rem",
          "label": "menu-item-logo-max-width",
          "name": "menuItemLogoMaxWidth",
          "type": "length"
        },
        {
          "defaultValue": "1rem",
          "label": "menu-item-logo-max-height",
          "name": "menuItemLogoMaxHeight",
          "type": "length"
        }
      ],
      "label": "logos"
    },
    {
      "fields": [
        {
          "defaultValue": false,
          "label": "separator",
          "name": "separator",
          "type": "checkbox"
        },
        {
          "defaultValue": "#bbb",
          "label": "separator-color",
          "name": "menuItemSeparatorColor",
          "type": "colorPicker"
        }
      ],
      "label": "separator"
    },
    {
      "fields": [
        {
          "defaultValue": "black",
          "label": "color",
          "name": "menuHamburgerColor",
          "type": "colorPicker"
        },
        {
          "defaultValue": "white",
          "label": "background-color",
          "name": "menuHamburgerBgColor",
          "type": "colorPicker"
        },
        {
          "defaultValue": "0px",
          "label": "border-width",
          "name": "menuHamburgerBorderWidth",
          "type": "length"
        },
        {
          "defaultValue": "0px",
          "label": "border-radius",
          "name": "menuHamburgerBorderRadius",
          "type": "length"
        },
        {
          "defaultValue": "black",
          "label": "border-color",
          "name": "menuHamburgerBorderColor",
          "type": "colorPicker"
        },
        {
          "dataType": "string",
          "defaultValue": "solid",
          "label": "border-style",
          "name": "menuHamburgerBorderStyle",
          "type": "select",
          "typeOptions": {
            "validValues": [
              {
                "label": "dotted",
                "value": "dotted"
              },
              {
                "label": "dashed",
                "value": "dashed"
              },
              {
                "label": "solid",
                "value": "solid"
              },
              {
                "label": "double",
                "value": "double"
              },
              {
                "label": "groove",
                "value": "groove"
              },
              {
                "label": "ridge",
                "value": "ridge"
              },
              {
                "label": "inset",
                "value": "inset"
              },
              {
                "label": "outset",
                "value": "outset"
              },
              {
                "label": "none",
                "value": "none"
              }
            ]
          }
        }
      ],
      "label": "hamburger-menu"
    },
    {
      "fields": [
        {
          "defaultValue": true,
          "label": "scroll-back-to-top",
          "name": "scrollBackToTop",
          "type": "checkbox"
        },
        {
          "defaultValue": "order-arrow-up",
          "label": "icon",
          "name": "scrollBackToTopIcon",
          "type": "text"
        },
        {
          "defaultValue": "var(--dark, #111)",
          "label": "color",
          "name": "scrollBackToTopColor",
          "type": "colorPicker"
        },
        {
          "defaultValue": "var(--light, white)",
          "label": "background-color",
          "name": "scrollBackToTopBgColor",
          "type": "colorPicker"
        },
        {
          "defaultValue": "var(--primary, #0B5FFF)",
          "label": "hover-color",
          "name": "scrollBackToTopHoverColor",
          "type": "colorPicker"
        },
        {
          "defaultValue": "var(--light, white)",
          "label": "hover-background-color",
          "name": "scrollBackToTopHoverBgColor",
          "type": "colorPicker"
        }
      ],
      "label": "scroll-back-to-top"
    },
    {
      "fields": [
        {
          "defaultValue": true,
          "label": "enable-portrait-phone",
          "name": "enablePortraitPhoneBreakpoint",
          "type": "checkbox"
        },
        {
          "defaultValue": "360px",
          "label": "portrait-phone",
          "name": "portraitPhoneBreakpoint",
          "type": "length"
        },
        {
          "defaultValue": "white",
          "label": "portrait-phone-menu-background-color",
          "name": "portraitPhoneMenuBgColor",
          "type": "colorPicker"
        },
        {
          "defaultValue": true,
          "label": "enable-landscape-phone",
          "name": "enableLandscapePhoneBreakpoint",
          "type": "checkbox"
        },
        {
          "defaultValue": "576px",
          "label": "landscape-phone",
          "name": "landscapePhoneBreakpoint",
          "type": "length"
        },
        {
          "defaultValue": "white",
          "label": "landscape-phone-menu-background-color",
          "name": "landscapePhoneMenuBgColor",
          "type": "colorPicker"
        },
        {
          "defaultValue": false,
          "label": "enable-tablet",
          "name": "enableTabletBreakpoint",
          "type": "checkbox"
        },
        {
          "defaultValue": "768px",
          "label": "tablet",
          "name": "tabletBreakpoint",
          "type": "length"
        },
        {
          "defaultValue": "transparent",
          "label": "tablet-menu-background-color",
          "name": "tabletMenuBgColor",
          "type": "colorPicker"
        },
        {
          "defaultValue": "1305px",
          "label": "desktop",
          "name": "desktopBreakpoint",
          "type": "length"
        },
        {
          "defaultValue": "transparent",
          "label": "desktop-menu-background-color",
          "name": "desktopMenuBgColor",
          "type": "colorPicker"
        }
      ],
      "label": "breakpoints"
    },
    {
      "fields": [
        {
          "defaultValue": false,
          "label": "override-menu-colors",
          "name": "overrideMenuColors",
          "type": "checkbox"
        },
        {
          "defaultValue": "var(--light, white)",
          "label": "color",
          "name": "menuItemColor",
          "type": "colorPicker"
        },
        {
          "defaultValue": "var(--black, #000)",
          "label": "background-color",
          "name": "menuItemBgColor",
          "type": "colorPicker"
        },
        {
          "defaultValue": "var(--light, white)",
          "label": "hover-color",
          "name": "menuItemHoverColor",
          "type": "colorPicker"
        },
        {
          "defaultValue": "var(--dark, #111)",
          "label": "hover-background-color",
          "name": "menuItemHoverBgColor",
          "type": "colorPicker"
        },
        {
          "defaultValue": "var(--light, white)",
          "label": "selected-item-color",
          "name": "menuItemSelectedColor",
          "type": "colorPicker"
        },
        {
          "defaultValue": "var(--primary, #0B5FFF)",
          "label": "selected-item-background-color",
          "name": "menuItemSelectedBgColor",
          "type": "colorPicker"
        }
      ],
      "label": "menu-colors"
    },
    {
      "fields": [
        {
          "defaultValue": true,
          "label": "menu-header",
          "name": "menuHeader",
          "type": "checkbox"
        }
      ],
      "label": "editor"
    },
    {
      "fields": [
        {
          "defaultValue": false,
          "label": "debug-enabled",
          "name": "enableDebug",
          "type": "checkbox"
        },
        {
          "dataType": "int",
          "defaultValue": "0",
          "description": "debounce-delay-description",
          "label": "debounce-delay",
          "name": "debounceDelay",
          "type": "text"
        },
        {
          "dataType": "int",
          "defaultValue": "100",
          "description": "initialize-delay-description",
          "label": "initialize-delay",
          "name": "initializeDelay",
          "type": "text"
        }
      ],
      "label": "miscellaneous"
    }
  ]
}