{
  "fieldSets": [
    {
      "fields": [
        {
          "dataType": "string",
          "defaultValue": "block",
          "label": "content-display",
          "name": "contentDisplay",
          "type": "select",
          "typeOptions": {
            "validValues": [
              {
                "label": "Block",
                "value": "block"
              },
              {
                "label": "flex-row",
                "value": "flex-row"
              },
              {
                "label": "flex-column",
                "value": "flex-column"
              }
            ]
          }
        },
        {
          "dataType": "string",
          "defaultValue": "nowrap",
          "label": "flex-wrap",
          "name": "flexWrap",
          "type": "select",
          "typeOptions": {
            "validValues": [
              {
                "label": "nowrap",
                "value": "nowrap"
              },
              {
                "label": "wrap",
                "value": "wrap"
              },
              {
                "label": "wrap-reverse",
                "value": "wrap-reverse"
              }
            ]
          }
        },
        {
          "dataType": "string",
          "defaultValue": "stretch",
          "label": "align-items",
          "name": "alignItems",
          "type": "select",
          "typeOptions": {
            "validValues": [
              {
                "label": "start",
                "value": "start"
              },
              {
                "label": "center[alignment]",
                "value": "center"
              },
              {
                "label": "end",
                "value": "end"
              },
              {
                "label": "stretch",
                "value": "stretch"
              },
              {
                "label": "baseline",
                "value": "baseline"
              }
            ]
          }
        },
        {
          "dataType": "string",
          "defaultValue": "start",
          "label": "justify-content",
          "name": "justifyContent",
          "type": "select",
          "typeOptions": {
            "validValues": [
              {
                "label": "start",
                "value": "start"
              },
              {
                "label": "center[alignment]",
                "value": "center"
              },
              {
                "label": "end",
                "value": "end"
              },
              {
                "label": "between",
                "value": "between"
              },
              {
                "label": "around",
                "value": "around"
              }
            ]
          }
        },
        {
          "defaultValue": "var(--spacer-2, .5rem)",
          "label": "flex-gap",
          "name": "flexGap",
          "type": "length"
        },
        {
          "defaultValue": true,
          "label": "allow-menu-override",
          "name": "allowMenuOverride",
          "type": "checkbox"
        },
        {
          "defaultValue": "576px",
          "label": "landscape-phone",
          "name": "landscapePhoneBreakpoint",
          "type": "length"
        }
      ],
      "label": "layout"
    },
    {
      "fields": [
        {
          "defaultValue": true,
          "label": "zone-layout-header",
          "name": "zoneLayoutHeader",
          "type": "checkbox"
        }
      ],
      "label": "editor"
    }
  ]
}